age,gender,total_deaths,total_pop,nb_orphans,mortality
0-14,Female,834,3920000,0,2.1275510204081633e-4
0-14,Male,1098,4161000,0,2.638788752703677e-4
15-49,Female,6061,12698000,5282,4.7731926287604344e-4
15-49,Male,10563,12965000,7740,8.147319706903201e-4
50-69,Female,32122,8586000,2252,0.003741206615420452
50-69,Male,53127,8068000,8253,0.006584903321764998
70+,Female,253107,5792000,0,0.04369941298342542
70+,Male,225397,4240000,230,0.05315966981132075
