age,gender,total_deaths,total_pop,nb_orphans,mortality
0-14,Female,4622,5564000,0,8.306973400431344e-4
0-14,Male,5989,5822000,0,0.0010286843009275164
15-49,Female,11525,13634000,13075,8.453131876191873e-4
15-49,Male,27972,13444000,32834,0.002080630764653377
50-69,Female,24284,4848000,2204,0.0050090759075907595
50-69,Male,33806,4232000,14280,0.007988185255198487
70+,Female,62498,1557000,0,0.04014001284521516
70+,Male,62483,1203000,2143,0.05193931837073982
