age,gender,total_deaths,total_pop,nb_orphans,mortality
0-19,Female,16602,4937607,21,0.0033623575144801927
0-19,Male,19093,4816925,68,0.003963732048973152
20-49,Female,13483,3236623,19578,0.004165761659606324
20-49,Male,20601,2986056,61202,0.006899066862778193
50-69,Female,7416,622025,2220,0.011922350387846148
50-69,Male,10808,548177,21820,0.01971625952931261
70+,Female,11394,246034,0,0.04631067250867766
70+,Male,11379,170302,2235,0.06681659639933765
