age,gender,total_deaths,total_pop,nb_orphans,mortality
0-14,Female,1596,5484000,0,2.9102844638949674e-4
0-14,Male,2017,5839000,0,3.454358623051892e-4
15-49,Female,9488,17023000,8030,5.573635669388475e-4
15-49,Male,17791,17887000,13429,9.946329736680271e-4
50-69,Female,62596,11934000,2875,0.005245181833417128
50-69,Male,111754,11646000,13255,0.009595912759745836
70+,Female,367900,7501000,0,0.04904679376083189
70+,Male,327564,5596000,613,0.05853538241601144
