children,gender,age
0,female,1
0,female,2
0,female,3
0,female,4
0,female,5
0,female,6
0,female,7
0,female,8
0,female,9
0,female,10
0,female,11
0,female,12
0,female,13
0,female,14
0.011134258663619232,female,15
0.022308414249279138,female,16
0.0342369226146548,female,17
0.046919890754805245,female,18
0.06065050376443422,female,19
0.11225872845414164,female,20
0.16512721053889684,female,21
0.22104950482648178,female,22
0.2820215936571684,female,23
0.3453145152963588,female,24
0.45198474372602637,female,25
0.561095763634235,female,26
0.6739073922090132,female,27
0.7913591294882258,female,28
0.9112811397186908,female,29
1.0474659796897139,female,30
1.1806708359027887,female,31
1.3092659987823352,female,32
1.405568516295083,female,33
1.4969557423007138,female,34
1.538641011938102,female,35
1.5786865722947248,female,36
1.6157325745964146,female,37
1.6074048798057787,female,38
1.5957699236313343,female,39
1.5378625240438624,female,40
1.476285166066968,female,41
1.4127758336748126,female,42
1.3199221979835607,female,43
1.2234099403277396,female,44
1.109424571141233,female,45
0.9969195811233782,female,46
0.881386151330231,female,47
0.7665240900746263,female,48
0.6543851039119498,female,49
0.5428189865005767,female,50
0.4323529812708472,female,51
0.3242995185724617,female,52
0.2652769470319899,female,53
0.20889997768001345,female,54
0.15621952444563153,female,55
0.10507969661619532,female,56
0.05591731399229459,female,57
0.04426464705819324,female,58
0.03324304146692143,female,59
0.022708037961501643,female,60
0.01251180469407648,female,61
0.0029759154442273415,female,62
0.002285233893495469,female,63
0.0016372379447703667,female,64
0.0010287594785184499,female,65
5.090996515371698e-4,female,66
0,female,67
0,female,68
0,female,69
0,female,70
0,female,71
0,female,72
0,female,73
0,female,74
0,female,75
0,female,76
0,female,77
0,female,78
0,female,79
0,female,80
0,female,81
0,female,82
0,female,83
0,female,84
0,female,85
0,female,86
0,female,87
0,female,88
0,female,89
0,female,90
0,female,91
0,female,92
0,female,93
0,female,94
0,female,95
0,female,96
0,female,97
0,female,98
0,female,99
0,female,100
