children,gender,age
0,female,1
0,female,2
0,female,3
0,female,4
0,female,5
0,female,6
0,female,7
0,female,8
0,female,9
0,female,10
0,female,11
0,female,12
0,female,13
0,female,14
0.011373524280073476,female,15
0.02274624046588919,female,16
0.0340201054333725,female,17
0.0454133566073436,female,18
0.05708859356847157,female,19
0.10638493079923288,female,20
0.15615598084062807,female,21
0.20696466693555404,female,22
0.2584785030939788,female,23
0.3097905949287093,female,24
0.4069193160490207,female,25
0.5039267012643105,female,26
0.6014572065673828,female,27
0.6989110206249356,female,28
0.7956508708412787,female,29
0.8766006624048039,female,30
0.9574540924301371,female,31
1.0385055851891356,female,32
1.105074517167269,female,33
1.1718662809302076,female,34
1.1946443678587453,female,35
1.2182721283499829,female,36
1.2422259007287277,female,37
1.2164312638984134,female,38
1.1882397964792544,female,39
1.128665437222373,female,40
1.0642539718956492,female,41
0.9941259835669174,female,42
0.8971149742686607,female,43
0.8000936446200614,female,44
0.6964784585067143,female,45
0.5927012242546346,female,46
0.4883196731906565,female,47
0.4171985279591969,female,48
0.3472046236622896,female,49
0.2786350924485985,female,50
0.2126550685725669,female,51
0.14994490128547902,female,52
0.12249383049202489,female,53
0.09651272864998434,female,54
0.07190828940751805,female,55
0.04849054884313641,female,56
0.026047773042775235,female,57
0.020715750609527652,female,58
0.015595400169682447,female,59
0.010642399065573304,female,60
0.005810416665094036,female,61
0.0010654582158104067,female,62
8.455094344608732e-4,female,63
6.347203058720085e-4,female,64
4.247761131578045e-4,female,65
2.1088057378246828e-4,female,66
0,female,67
0,female,68
0,female,69
0,female,70
0,female,71
0,female,72
0,female,73
0,female,74
0,female,75
0,female,76
0,female,77
0,female,78
0,female,79
0,female,80
0,female,81
0,female,82
0,female,83
0,female,84
0,female,85
0,female,86
0,female,87
0,female,88
0,female,89
0,female,90
0,female,91
0,female,92
0,female,93
0,female,94
0,female,95
0,female,96
0,female,97
0,female,98
0,female,99
0,female,100
