children,gender,age
0,male,1
0,male,2
0,male,3
0,male,4
0,male,5
0,male,6
0,male,7
0,male,8
0,male,9
0,male,10
0,male,11
0,male,12
0,male,13
0,male,14
0.004873631018946335,male,15
0.00974726203789267,male,16
0.014620893056839005,male,17
0.01949452407578534,male,18
0.024368155094731673,male,19
0.06071653684262397,male,20
0.09706491859051626,male,21
0.13341330033840856,male,22
0.17245525285372443,male,23
0.21149720536904032,male,24
0.3269046678512297,male,25
0.44231213033341904,male,26
0.5550260220481849,male,27
0.6977328201561553,male,28
0.8377460474967022,male,29
1.0376285774375447,male,30
1.2375111073783869,male,31
1.4373936373192293,male,32
1.5849698529115346,male,33
1.7325460685038396,male,34
1.8704428038903966,male,35
2.0083395392769536,male,36
2.1462362746635106,male,37
2.2114830503892704,male,38
2.27672982611503,male,39
2.2953361622057895,male,40
2.3139424982965484,male,41
2.3325488343873078,male,42
2.3260112426813095,male,43
2.3194736509753118,male,44
2.2569564954103023,male,45
2.1944393398452933,male,46
2.131922184280284,male,47
2.0017936118895445,male,48
1.8716650394988055,male,49
1.7155903311660823,male,50
1.5595156228333589,male,51
1.4034409145006357,male,52
1.3334806234857755,male,53
1.2635203324709152,male,54
1.1800645532793372,male,55
1.0966087740877595,male,56
1.0131529948961815,male,57
0.9317743409945719,male,58
0.8503956870929622,male,59
0.7567266329418445,male,60
0.6630575787907267,male,61
0.569388524639609,male,62
0.5132804087258013,male,63
0.4571722928119935,male,64
0.39977581131585105,male,65
0.34237932981970853,male,66
0.2849828483235661,male,67
0.25295339833163527,male,68
0.2209239483397044,male,69
0.1912038421307374,male,70
0.1614837359217704,male,71
0.13176362971280342,male,72
0.12955122255076526,male,73
0.1273388153887271,male,74
0.11555374377896878,male,75
0.10376867216921046,male,76
0.09198360055945212,male,77
0.07769151270070096,male,78
0.06339942484194978,male,79
0.049107336983198614,male,80
0.034815249124447445,male,81
0.020523161265696272,male,82
0.019298861328471622,male,83
0.01807456139124697,male,84
0.01685026145402232,male,85
0.015625961516797675,male,86
0.014401661579573025,male,87
0.019326348801704682,male,88
0.024251036023836343,male,89
0.029175723245968,male,90
0.03410041046809966,male,91
0.03902509769023132,male,92
0.031220078152185055,male,93
0.02341505861413879,male,94
0.015610039076092527,male,95
0.007805019538046264,male,96
0,male,97
0,male,98
0,male,99
0,male,100
