age,gender,total_deaths,total_pop,nb_orphans,mortality
0-14,female,1616,5667000,0,2.8515969648844184e-4
0-14,male,2072,5927000,0,3.4958663742196724e-4
15-49,female,8144,13927000,9307,5.847634092051411e-4
15-49,male,16550,13775000,19215,0.0012014519056261343
50-69,female,37974,8470000,2552,0.004483353010625738
50-69,male,72900,7889000,14133,0.009240714919508177
70+,female,252164,5541000,0,0.04550875293268363
70+,male,205002,3933000,636,0.05212356979405034
