country,tfr,tfr_u,tfr_l,deaths,euro,observed
Sweden,1.800488063,1.840563919,1.762892279,91972,1,2975
Denmark,1.762651374,1.895161319,1.640332381,53261,1,1660
Botswana,2.345008267,2.683889567,2.056792549,12386,0,5555.555556
Kenya,3.255032101,3.74296682,2.847806708,190877,0,111111.1111
Lesotho,2.62062908,2.97092989,2.298141545,14606,0,6666.666667
Zambia,4.299250426,4.717834142,3.922577873,39150,0,52777.77778
