age,gender,total_deaths,total_pop,nb_orphans,mortality
0-14,Female,14721,16390000,0,8.9816961561928e-4
0-14,Male,18387,17123000,0,0.0010738188401565147
15-49,Female,36703,34357000,42186,0.0010682830282038596
15-49,Male,94332,32800000,103026,0.0028759756097560974
50-69,Female,84131,10463000,7713,0.008040810475007168
50-69,Male,115996,9211000,29312,0.012593203778091413
70+,Female,161461,3200000,0,0.0504565625
70+,Male,156601,2550000,2577,0.0614121568627451
