age,gender,total_deaths,total_pop,nb_orphans,mortality
0-14,Female,3240,4092000,0,7.917888563049853e-4
0-14,Male,3949,4159000,0,9.495070930512142e-4
15-49,Female,6337,8475000,8993,7.477286135693216e-4
15-49,Male,11247,8464000,15544,0.001328804347826087
50-69,Female,11498,2626000,1922,0.004378522467631378
50-69,Male,14679,2497000,7426,0.005878654385262315
70+,Female,29479,898000,0,0.03282739420935412
70+,Male,30044,762000,847,0.03942782152230971
