age,gender,total_deaths,total_pop,nb_orphans,mortality
0-14,Female,13817,29919000,0,4.61813563287543e-4
0-14,Male,17969,31279000,0,5.744748873045813e-4
15-49,Female,81067,74773000,86712,0.001084174768967408
15-49,Male,156667,76328000,142742,0.002052549523110785
50-69,Female,290363,40901000,18150,0.007099166279553067
50-69,Male,434174,39227000,56721,0.011068243811660336
70+,Female,989107,19654000,0,0.0503259896204335
70+,Male,830210,15014000,4699,0.055295723990941785
